<?xml version="1.0" encoding="utf-8"?>
<feed xmlns="http://www.w3.org/2005/Atom">
    <id>https://lilichao.github.io/blog</id>
    <title>李美丽的官方网站 Blog</title>
    <updated>2022-11-25T00:00:00.000Z</updated>
    <generator>https://github.com/jpmonette/feed</generator>
    <link rel="alternate" href="https://lilichao.github.io/blog"/>
    <subtitle>李美丽的官方网站 Blog</subtitle>
    <icon>https://lilichao.github.io/img/favicon.ico</icon>
    <entry>
        <title type="html"><![CDATA[高兴诗]]></title>
        <id>happy</id>
        <link href="https://lilichao.github.io/blog/happy"/>
        <updated>2022-11-25T00:00:00.000Z</updated>
        <summary type="html"><![CDATA[今天天气真不错，我们大家来上课，老师讲的真不错，真的真的很不错]]></summary>
        <content type="html"><![CDATA[<p>今天天气真不错，我们大家来上课，老师讲的真不错，真的真的很不错</p>]]></content>
        <author>
            <name>李美丽</name>
            <uri>https://github.com/</uri>
        </author>
        <category label="随笔" term="随笔"/>
        <category label="诗" term="诗"/>
        <category label="李美丽" term="李美丽"/>
    </entry>
    <entry>
        <title type="html"><![CDATA[Welcome]]></title>
        <id>welcome</id>
        <link href="https://lilichao.github.io/blog/welcome"/>
        <updated>2021-08-26T00:00:00.000Z</updated>
        <summary type="html"><![CDATA[Docusaurus blogging features are powered by the blog plugin.]]></summary>
        <content type="html"><![CDATA[<p><a href="https://docusaurus.io/docs/blog" target="_blank" rel="noopener noreferrer">Docusaurus blogging features</a> are powered by the <a href="https://docusaurus.io/docs/api/plugins/@docusaurus/plugin-content-blog" target="_blank" rel="noopener noreferrer">blog plugin</a>.</p><p>Simply add Markdown files (or folders) to the <code>blog</code> directory.</p><p>Regular blog authors can be added to <code>authors.yml</code>.</p><p>The blog post date can be extracted from filenames, such as:</p><ul><li><code>2019-05-30-welcome.md</code></li><li><code>2019-05-30-welcome/index.md</code></li></ul><p>A blog post folder can be convenient to co-locate blog post images:</p><p><img loading="lazy" alt="Docusaurus Plushie" src="/assets/images/docusaurus-plushie-banner-a60f7593abca1e3eef26a9afa244e4fb.jpeg" width="1500" height="500" class="img_ev3q"></p><p>The blog supports tags as well!</p><p><strong>And if you don't want a blog</strong>: just delete this directory, and use <code>blog: false</code> in your Docusaurus config.</p>]]></content>
        <author>
            <name>Sébastien Lorber</name>
            <uri>https://sebastienlorber.com</uri>
        </author>
        <author>
            <name>Yangshun Tay</name>
            <uri>https://github.com/yangshun</uri>
        </author>
        <category label="facebook" term="facebook"/>
        <category label="hello" term="hello"/>
        <category label="docusaurus" term="docusaurus"/>
    </entry>
    <entry>
        <title type="html"><![CDATA[MDX Blog Post]]></title>
        <id>mdx-blog-post</id>
        <link href="https://lilichao.github.io/blog/mdx-blog-post"/>
        <updated>2021-08-01T00:00:00.000Z</updated>
        <summary type="html"><![CDATA[Blog posts support Docusaurus Markdown features, such as MDX.]]></summary>
        <content type="html"><![CDATA[<p>Blog posts support <a href="https://docusaurus.io/docs/markdown-features" target="_blank" rel="noopener noreferrer">Docusaurus Markdown features</a>, such as <a href="https://mdxjs.com/" target="_blank" rel="noopener noreferrer">MDX</a>.</p><div class="theme-admonition theme-admonition-tip alert alert--success admonition_LlT9"><div class="admonitionHeading_tbUL"><span class="admonitionIcon_kALy"><svg viewBox="0 0 12 16"><path fill-rule="evenodd" d="M6.5 0C3.48 0 1 2.19 1 5c0 .92.55 2.25 1 3 1.34 2.25 1.78 2.78 2 4v1h5v-1c.22-1.22.66-1.75 2-4 .45-.75 1-2.08 1-3 0-2.81-2.48-5-5.5-5zm3.64 7.48c-.25.44-.47.8-.67 1.11-.86 1.41-1.25 2.06-1.45 3.23-.02.05-.02.11-.02.17H5c0-.06 0-.13-.02-.17-.2-1.17-.59-1.83-1.45-3.23-.2-.31-.42-.67-.67-1.11C2.44 6.78 2 5.65 2 5c0-2.2 2.02-4 4.5-4 1.22 0 2.36.42 3.22 1.19C10.55 2.94 11 3.94 11 5c0 .66-.44 1.78-.86 2.48zM4 14h5c-.23 1.14-1.3 2-2.5 2s-2.27-.86-2.5-2z"></path></svg></span>提示</div><div class="admonitionContent_S0QG"><p>Use the power of React to create interactive blog posts.</p><div class="language-js codeBlockContainer_Ckt0 theme-code-block" style="--prism-color:#393A34;--prism-background-color:#f6f8fa"><div class="codeBlockContent_biex"><pre tabindex="0" class="prism-code language-js codeBlock_bY9V thin-scrollbar"><code class="codeBlockLines_e6Vv"><span class="token-line" style="color:#393A34"><span class="token operator" style="color:#393A34">&lt;</span><span class="token plain">button onClick</span><span class="token operator" style="color:#393A34">=</span><span class="token punctuation" style="color:#393A34">{</span><span class="token punctuation" style="color:#393A34">(</span><span class="token punctuation" style="color:#393A34">)</span><span class="token plain"> </span><span class="token arrow operator" style="color:#393A34">=&gt;</span><span class="token plain"> </span><span class="token function" style="color:#d73a49">alert</span><span class="token punctuation" style="color:#393A34">(</span><span class="token string" style="color:#e3116c">'button clicked!'</span><span class="token punctuation" style="color:#393A34">)</span><span class="token punctuation" style="color:#393A34">}</span><span class="token operator" style="color:#393A34">&gt;</span><span class="token maybe-class-name">Click</span><span class="token plain"> me</span><span class="token operator" style="color:#393A34">!</span><span class="token operator" style="color:#393A34">&lt;</span><span class="token operator" style="color:#393A34">/</span><span class="token plain">button</span><span class="token operator" style="color:#393A34">&gt;</span><br></span></code></pre><div class="buttonGroup__atx"><button type="button" aria-label="复制代码到剪贴板" title="复制" class="clean-btn"><span class="copyButtonIcons_eSgA" aria-hidden="true"><svg class="copyButtonIcon_y97N" viewBox="0 0 24 24"><path d="M19,21H8V7H19M19,5H8A2,2 0 0,0 6,7V21A2,2 0 0,0 8,23H19A2,2 0 0,0 21,21V7A2,2 0 0,0 19,5M16,1H4A2,2 0 0,0 2,3V17H4V3H16V1Z"></path></svg><svg class="copyButtonSuccessIcon_LjdS" viewBox="0 0 24 24"><path d="M21,7L9,19L3.5,13.5L4.91,12.09L9,16.17L19.59,5.59L21,7Z"></path></svg></span></button></div></div></div><button>Click me!</button></div></div>]]></content>
        <author>
            <name>Sébastien Lorber</name>
            <uri>https://sebastienlorber.com</uri>
        </author>
        <category label="docusaurus" term="docusaurus"/>
    </entry>
    <entry>
        <title type="html"><![CDATA[Long Blog Post]]></title>
        <id>long-blog-post</id>
        <link href="https://lilichao.github.io/blog/long-blog-post"/>
        <updated>2019-05-29T00:00:00.000Z</updated>
        <summary type="html"><![CDATA[This is the summary of a very long blog post,]]></summary>
        <content type="html"><![CDATA[<p>This is the summary of a very long blog post,</p><p>Use a <code>&lt;!--</code> <code>truncate</code> <code>--&gt;</code> comment to limit blog post size in the list view.</p><p>Lorem ipsum dolor sit amet, consectetur adipiscing elit. Pellentesque elementum dignissim ultricies. Fusce rhoncus ipsum tempor eros aliquam consequat. Lorem ipsum dolor sit amet</p><p>Lorem ipsum dolor sit amet, consectetur adipiscing elit. Pellentesque elementum dignissim ultricies. Fusce rhoncus ipsum tempor eros aliquam consequat. Lorem ipsum dolor sit amet</p><p>Lorem ipsum dolor sit amet, consectetur adipiscing elit. Pellentesque elementum dignissim ultricies. Fusce rhoncus ipsum tempor eros aliquam consequat. Lorem ipsum dolor sit amet</p><p>Lorem ipsum dolor sit amet, consectetur adipiscing elit. Pellentesque elementum dignissim ultricies. Fusce rhoncus ipsum tempor eros aliquam consequat. Lorem ipsum dolor sit amet</p><p>Lorem ipsum dolor sit amet, consectetur adipiscing elit. Pellentesque elementum dignissim ultricies. Fusce rhoncus ipsum tempor eros aliquam consequat. Lorem ipsum dolor sit amet</p><p>Lorem ipsum dolor sit amet, consectetur adipiscing elit. Pellentesque elementum dignissim ultricies. Fusce rhoncus ipsum tempor eros aliquam consequat. Lorem ipsum dolor sit amet</p><p>Lorem ipsum dolor sit amet, consectetur adipiscing elit. Pellentesque elementum dignissim ultricies. Fusce rhoncus ipsum tempor eros aliquam consequat. Lorem ipsum dolor sit amet</p><p>Lorem ipsum dolor sit amet, consectetur adipiscing elit. Pellentesque elementum dignissim ultricies. Fusce rhoncus ipsum tempor eros aliquam consequat. Lorem ipsum dolor sit amet</p><p>Lorem ipsum dolor sit amet, consectetur adipiscing elit. Pellentesque elementum dignissim ultricies. Fusce rhoncus ipsum tempor eros aliquam consequat. Lorem ipsum dolor sit amet</p><p>Lorem ipsum dolor sit amet, consectetur adipiscing elit. Pellentesque elementum dignissim ultricies. Fusce rhoncus ipsum tempor eros aliquam consequat. Lorem ipsum dolor sit amet</p><p>Lorem ipsum dolor sit amet, consectetur adipiscing elit. Pellentesque elementum dignissim ultricies. Fusce rhoncus ipsum tempor eros aliquam consequat. Lorem ipsum dolor sit amet</p><p>Lorem ipsum dolor sit amet, consectetur adipiscing elit. Pellentesque elementum dignissim ultricies. Fusce rhoncus ipsum tempor eros aliquam consequat. Lorem ipsum dolor sit amet</p><p>Lorem ipsum dolor sit amet, consectetur adipiscing elit. Pellentesque elementum dignissim ultricies. Fusce rhoncus ipsum tempor eros aliquam consequat. Lorem ipsum dolor sit amet</p><p>Lorem ipsum dolor sit amet, consectetur adipiscing elit. Pellentesque elementum dignissim ultricies. Fusce rhoncus ipsum tempor eros aliquam consequat. Lorem ipsum dolor sit amet</p><p>Lorem ipsum dolor sit amet, consectetur adipiscing elit. Pellentesque elementum dignissim ultricies. Fusce rhoncus ipsum tempor eros aliquam consequat. Lorem ipsum dolor sit amet</p><p>Lorem ipsum dolor sit amet, consectetur adipiscing elit. Pellentesque elementum dignissim ultricies. Fusce rhoncus ipsum tempor eros aliquam consequat. Lorem ipsum dolor sit amet</p>]]></content>
        <author>
            <name>Endilie Yacop Sucipto</name>
            <uri>https://github.com/endiliey</uri>
        </author>
        <category label="hello" term="hello"/>
        <category label="docusaurus" term="docusaurus"/>
    </entry>
    <entry>
        <title type="html"><![CDATA[First Blog Post]]></title>
        <id>first-blog-post</id>
        <link href="https://lilichao.github.io/blog/first-blog-post"/>
        <updated>2019-05-28T00:00:00.000Z</updated>
        <summary type="html"><![CDATA[Lorem ipsum dolor sit amet, consectetur adipiscing elit. Pellentesque elementum dignissim ultricies. Fusce rhoncus ipsum tempor eros aliquam consequat. Lorem ipsum dolor sit amet]]></summary>
        <content type="html"><![CDATA[<p>Lorem ipsum dolor sit amet, consectetur adipiscing elit. Pellentesque elementum dignissim ultricies. Fusce rhoncus ipsum tempor eros aliquam consequat. Lorem ipsum dolor sit amet</p>]]></content>
        <author>
            <name>Gao Wei</name>
            <uri>https://github.com/wgao19</uri>
        </author>
        <category label="hola" term="hola"/>
        <category label="docusaurus" term="docusaurus"/>
    </entry>
</feed>